time_s,conc_data
1,6.062779981075519
2,4.807430760769695
3,3.158341461251027
4,2.1727048056277454
5,1.8056616844985367
6,0.8157963847696832
7,0.7972315081465593
8,0.1366644159889872
9,0.3982965471597915
10,0.4569860308255513
