time,conc_data
1,6.555107205538744
2,4.490905874988586
3,3.2097070854329535
4,1.8959028044792832
5,1.7895196833092455
6,0.9832164976701191
7,0.7408994591865292
8,-0.4048055903055613
9,0.4390820829572683
10,0.5078174455847104
