time,conc_data
1,6.5215094627726025
2,5.160309294445962
3,NA
4,2.068719270460588
5,2.0534078672904257
6,0.7214467607393911
7,0.8819240625086776
8,-0.2952327308245842
9,0.6757309042292243
10,0.42318701006578996
